{
  "id": "DomainTools Iris Detect Domain",
  "version": 2,
  "cacheVersn": 0,
  "modified": "2023-01-09T18:32:41.508287034+05:30",
  "packID": "",
  "packName": "",
  "itemVersion": "",
  "fromServerVersion": "",
  "toServerVersion": "",
  "definitionId": "",
  "vcShouldIgnore": false,
  "vcShouldKeepItemLegacyProdMachine": false,
  "commitMessage": "",
  "shouldCommit": false,
  "regex": "",
  "details": "DomainTools Iris Detect Domain",
  "prevDetails": "DomainTools Iris Detect Domain",
  "legacyNames": null,
  "reputationScriptName": "",
  "reputationCommand": "",
  "enhancementScriptNames": [],
  "system": false,
  "locked": false,
  "disabled": false,
  "file": false,
  "updateAfter": 0,
  "mergeContext": false,
  "formatScript": "",
  "contextPath": "",
  "contextValue": "",
  "excludedBrands": [],
  "defaultMapping": null,
  "manualMapping": {},
  "fileHashesPriority": null,
  "expiration": 0,
  "shouldShareComments": false,
  "layout": "DomainTools Iris Detect Layout"
}
