{
	"incidentFields": [
		{
			"id": "indicator_domaintoolsirisdetectriskscore",
			"version": 2,
			"cacheVersn": 0,
			"modified": "2023-01-09T18:35:11.963560625+05:30",
			"packID": "",
			"packName": "",
			"itemVersion": "",
			"fromServerVersion": "",
			"toServerVersion": "",
			"definitionId": "",
			"vcShouldIgnore": false,
			"vcShouldKeepItemLegacyProdMachine": false,
			"commitMessage": "",
			"shouldCommit": false,
			"name": "DomainToolsIrisDetect Risk Score",
			"prevName": "DomainToolsIrisDetect Risk Score",
			"ownerOnly": false,
			"placeholder": "",
			"template": "",
			"description": "DomainToolsIrisDetect Risk Score",
			"cliName": "domaintoolsirisdetectriskscore",
			"type": "shortText",
			"orgType": "shortText",
			"closeForm": false,
			"editForm": true,
			"required": false,
			"script": "",
			"runScriptAfterUpdate": false,
			"fieldCalcScript": "",
			"neverSetAsRequired": false,
			"isReadOnly": false,
			"selectValues": [],
			"autoCompleteTags": null,
			"validationRegex": "",
			"x2_fields": "",
			"useAsKpi": false,
			"locked": false,
			"system": false,
			"content": false,
			"group": 2,
			"mergeStrategy": "",
			"hidden": false,
			"openEnded": false,
			"associatedTypes": [],
			"systemAssociatedTypes": null,
			"associatedToAll": true,
			"unmapped": false,
			"unsearchable": false,
			"caseInsensitive": true,
			"columns": null,
			"defaultRows": null,
			"sla": 0,
			"threshold": 72,
			"breachScript": "",
			"validatedError": "",
			"aliases": null,
			"aliasTo": ""
		}
	]
}