{
	"brands": null,
	"cacheVersn": 0,
	"defaultIncidentType": "",
	"definitionId": "",
	"description": "",
	"feed": false,
	"fromServerVersion": "",
	"id": "8ae04a71-bf31-4bab-84c2-4895bda55bfd",
	"incidentSamples": null,
	"indicatorSamples": null,
	"instanceIds": null,
	"itemVersion": "",
	"keyTypeMap": {},
	"locked": false,
	"logicalVersion": 3,
	"mapping": {
		"DomainTools Iris Detect Blocked Domains": {
			"dontMapEventToLabels": false,
			"internalMapping": {
				"Domain Tools Iris Detect Domains": {
					"complex": {
						"filters": [],
						"root": "domain",
						"transformers": []
					}
				}
			}
		},
		"DomainTools Iris Detect Changed Domains": {
			"dontMapEventToLabels": false,
			"internalMapping": {
				"Domain Tools Iris Detect Domains": {
					"complex": {
						"filters": [],
						"root": "domain",
						"transformers": []
					}
				}
			}
		},
		"DomainTools Iris Detect New Domains": {
			"dontMapEventToLabels": true,
			"internalMapping": {
				"Domain Tools Iris Detect Domains": {
					"complex": {
						"filters": [],
						"root": "domain",
						"transformers": []
					}
				}
			}
		}
	},
	"name": "DomainTools Iris Detect Blcked Domains - Mapper",
	"nameRaw": "DomainTools Iris Detect Blcked Domains - Mapper",
	"packID": "",
	"packName": "",
	"propagationLabels": [
		"all"
	],
	"sourceClassifierId": "6e4b3cdb-c91b-489b-839d-bb2b1d764b4f",
	"system": false,
	"toServerVersion": "",
	"transformer": {},
	"type": "mapping-incoming",
	"unclassifiedCases": null,
	"version": -1
}