{
	"brands": null,
	"cacheVersn": 0,
	"defaultIncidentType": "",
	"definitionId": "",
	"description": "",
	"feed": false,
	"fromServerVersion": "",
	"id": "bd2058fc-8d80-4203-8de4-442fcc39d924",
	"incidentSamples": null,
	"indicatorSamples": null,
	"instanceIds": null,
	"itemVersion": "",
	"keyTypeMap": {
		"blocked": "DomainTools Iris Detect Blocked Domains",
		"new": "DomainTools Iris Detect New Domains",
		"watched": "DomainTools Iris Detect Changed Domains"
	},
	"locked": false,
	"logicalVersion": 0,
	"mapping": null,
	"name": "DomainTools Iris Detect - Incident Classifier",
	"nameRaw": "DomainTools Iris Detect - Incident Classifier",
	"packID": "",
	"packName": "",
	"propagationLabels": [
		"all"
	],
	"sourceClassifierId": "",
	"system": false,
	"toServerVersion": "",
	"transformer": {
		"simple": "escalations.[0].escalation_type"
	},
	"type": "classification",
	"unclassifiedCases": null,
	"version": -1
}