{
	"incidentFields": [
		{
			"id": "indicator_domaintoolsirisdetectriskscorecomponents",
			"version": 1,
			"cacheVersn": 0,
			"modified": "2023-01-09T18:52:28.399935227+05:30",
			"packID": "",
			"packName": "",
			"itemVersion": "",
			"fromServerVersion": "",
			"toServerVersion": "",
			"definitionId": "",
			"vcShouldIgnore": false,
			"vcShouldKeepItemLegacyProdMachine": false,
			"commitMessage": "",
			"shouldCommit": false,
			"name": "DomainToolsIrisDetect Risk Score Components",
			"prevName": "DomainToolsIrisDetect Risk Score Components",
			"ownerOnly": false,
			"placeholder": "",
			"template": "",
			"description": "DomainToolsIrisDetect Risk Score Components",
			"cliName": "domaintoolsirisdetectriskscorecomponents",
			"type": "grid",
			"orgType": "grid",
			"closeForm": false,
			"editForm": true,
			"required": false,
			"script": "",
			"runScriptAfterUpdate": false,
			"fieldCalcScript": "",
			"neverSetAsRequired": false,
			"isReadOnly": false,
			"selectValues": null,
			"autoCompleteTags": null,
			"validationRegex": "",
			"x2_fields": "",
			"useAsKpi": false,
			"locked": false,
			"system": false,
			"content": false,
			"group": 2,
			"mergeStrategy": "",
			"hidden": false,
			"openEnded": false,
			"associatedTypes": null,
			"systemAssociatedTypes": null,
			"associatedToAll": true,
			"unmapped": false,
			"unsearchable": false,
			"caseInsensitive": true,
			"columns": [
				{
					"key": "proximity",
					"displayName": "Proximity",
					"type": "shortText",
					"orgType": "shortText",
					"required": false,
					"script": "",
					"width": 150,
					"isDefault": true,
					"fieldCalcScript": "",
					"isReadOnly": false,
					"selectValues": null
				},
				{
					"key": "phishing",
					"displayName": "Phishing",
					"type": "shortText",
					"orgType": "shortText",
					"required": false,
					"script": "",
					"width": 150,
					"isDefault": true,
					"fieldCalcScript": "",
					"isReadOnly": false,
					"selectValues": null
				},
				{
					"key": "malware",
					"displayName": "Malware",
					"type": "shortText",
					"orgType": "shortText",
					"required": false,
					"script": "",
					"width": 150,
					"isDefault": true,
					"fieldCalcScript": "",
					"isReadOnly": false,
					"selectValues": null
				},
				{
					"key": "spam",
					"displayName": "Spam",
					"type": "shortText",
					"orgType": "shortText",
					"required": false,
					"script": "",
					"width": 150,
					"isDefault": true,
					"fieldCalcScript": "",
					"isReadOnly": false,
					"selectValues": null
				},
				{
					"key": "evidence",
					"displayName": "Evidence",
					"type": "shortText",
					"orgType": "shortText",
					"required": false,
					"script": "",
					"width": 150,
					"isDefault": true,
					"fieldCalcScript": "",
					"isReadOnly": false,
					"selectValues": null
				}
			],
			"defaultRows": [
				{}
			],
			"sla": 0,
			"threshold": 72,
			"breachScript": "",
			"validatedError": "",
			"aliases": null,
			"aliasTo": ""
		}
	]
}