{"report": {"environment": {"Python": "3.9.8", "Platform": "Linux-5.14.0-1052-oem-x86_64-with"}, "tests": [{"name": "HYASInsight_test.py::test_get_passive_dns_records_by_indicator[raw_response0-expected0]", "duration": 0.026430202000483405, "run_index": 0, "setup": {"name": "setup", "duration": 0.009709469999506837, "outcome": "passed"}, "call": {"name": "call", "duration": 0.005596479000814725, "outcome": "passed"}, "teardown": {"name": "teardown", "duration": 0.0014147830006550066, "outcome": "passed"}, "outcome": "passed"}, {"name": "HYASInsight_test.py::test_get_dynamic_dns_records_by_indicator[raw_response0-expected0]", "duration": 0.014558499000486336, "run_index": 1, "setup": {"name": "setup", "duration": 0.0019072249997407198, "outcome": "passed"}, "call": {"name": "call", "duration": 0.009538907999740331, "outcome": "passed"}, "teardown": {"name": "teardown", "duration": 0.0012051410012645647, "outcome": "passed"}, "outcome": "passed"}, {"name": "HYASInsight_test.py::test_get_whois_records_by_indicator[raw_response0-expected0]", "duration": 0.008233436999944388, "run_index": 2, "setup": {"name": "setup", "duration": 0.001949045999936061, "outcome": "passed"}, "call": {"name": "call", "duration": 0.003239536001274246, "outcome": "passed"}, "teardown": {"name": "teardown", "duration": 0.0010958089987980202, "outcome": "passed"}, "outcome": "passed"}, {"name": "HYASInsight_test.py::test_get_whois_current_records_by_domain[raw_response0-expected0]", "duration": 0.007299239998246776, "run_index": 3, "setup": {"name": "setup", "duration": 0.0019230159996368457, "outcome": "passed"}, "call": {"name": "call", "duration": 0.002320816998690134, "outcome": "passed"}, "teardown": {"name": "teardown", "duration": 0.0011323910002829507, "outcome": "passed"}, "outcome": "passed"}, {"name": "HYASInsight_test.py::test_get_malware_samples_records_by_indicator[raw_response0-expected0]", "duration": 0.007249161999425269, "run_index": 4, "setup": {"name": "setup", "duration": 0.0018466530000296189, "outcome": "passed"}, "call": {"name": "call", "duration": 0.0024705989999347366, "outcome": "passed"}, "teardown": {"name": "teardown", "duration": 0.0010852569994312944, "outcome": "passed"}, "outcome": "passed"}, {"name": "HYASInsight_test.py::test_get_associated_ips_by_hash[raw_response0-expected0]", "duration": 0.0069205800027702935, "run_index": 5, "setup": {"name": "setup", "duration": 0.0018605110017233528, "outcome": "passed"}, "call": {"name": "call", "duration": 0.0020906529989588307, "outcome": "passed"}, "teardown": {"name": "teardown", "duration": 0.0011089050003647571, "outcome": "passed"}, "outcome": "passed"}, {"name": "HYASInsight_test.py::test_get_associated_domains_by_hash[raw_response0-expected0]", "duration": 0.006671241000731243, "run_index": 6, "setup": {"name": "setup", "duration": 0.0018332119998376584, "outcome": "passed"}, "call": {"name": "call", "duration": 0.0019179139999323525, "outcome": "passed"}, "teardown": {"name": "teardown", "duration": 0.0010869030011235736, "outcome": "passed"}, "outcome": "passed"}, {"name": "HYASInsight_test.py::test_get_c2_attribution_by_indicator[raw_response0-expected0]", "duration": 0.009449692002817756, "run_index": 7, "setup": {"name": "setup", "duration": 0.0018609970011311816, "outcome": "passed"}, "call": {"name": "call", "duration": 0.004221617000439437, "outcome": "passed"}, "teardown": {"name": "teardown", "duration": 0.0015060810001159552, "outcome": "passed"}, "outcome": "passed"}, {"name": "HYASInsight_test.py::test_get_passive_hash_by_indicator[raw_response0-expected0]", "duration": 0.007899098000052618, "run_index": 8, "setup": {"name": "setup", "duration": 0.002033945000221138, "outcome": "passed"}, "call": {"name": "call", "duration": 0.0025728040000103647, "outcome": "passed"}, "teardown": {"name": "teardown", "duration": 0.0012584039995999774, "outcome": "passed"}, "outcome": "passed"}, {"name": "HYASInsight_test.py::test_get_ssl_certificate_record_by_indicator[raw_response0-expected0]", "duration": 0.008512353000696748, "run_index": 9, "setup": {"name": "setup", "duration": 0.0019724470002984162, "outcome": "passed"}, "call": {"name": "call", "duration": 0.003424067999731051, "outcome": "passed"}, "teardown": {"name": "teardown", "duration": 0.0011433910003688652, "outcome": "passed"}, "outcome": "passed"}, {"name": "HYASInsight_test.py::test_get_opensource_indicator_record_by_indicator[raw_response0-expected0]", "duration": 0.007355210000241641, "run_index": 10, "setup": {"name": "setup", "duration": 0.0019661090009321924, "outcome": "passed"}, "call": {"name": "call", "duration": 0.00220061199979682, "outcome": "passed"}, "teardown": {"name": "teardown", "duration": 0.0012223799985804362, "outcome": "passed"}, "outcome": "passed"}, {"name": "HYASInsight_test.py::test_get_device_geo_record_by_ip_address[raw_response0-expected0]", "duration": 0.007443376000082935, "run_index": 11, "setup": {"name": "setup", "duration": 0.0019370270001672907, "outcome": "passed"}, "call": {"name": "call", "duration": 0.002463905999320559, "outcome": "passed"}, "teardown": {"name": "teardown", "duration": 0.0011054160004277946, "outcome": "passed"}, "outcome": "passed"}, {"name": "HYASInsight_test.py::test_get_sinkhole_record_by_ipv4_address[raw_response0-expected0]", "duration": 0.006763035000403761, "run_index": 12, "setup": {"name": "setup", "duration": 0.0018390650002402253, "outcome": "passed"}, "call": {"name": "call", "duration": 0.0019905490007658955, "outcome": "passed"}, "teardown": {"name": "teardown", "duration": 0.0010943559991574148, "outcome": "passed"}, "outcome": "passed"}, {"name": "HYASInsight_test.py::test_get_malware_information_record_by_hash[raw_response0-expected0]", "duration": 0.008454580000034184, "run_index": 13, "setup": {"name": "setup", "duration": 0.0019273420002718922, "outcome": "passed"}, "call": {"name": "call", "duration": 0.0021365089996834286, "outcome": "passed"}, "teardown": {"name": "teardown", "duration": 0.0024633869998069713, "outcome": "passed"}, "outcome": "passed"}], "summary": {"passed": 14, "num_tests": 14, "duration": 0.9120328426361084}, "created_at": "2022-10-03 06:45:10.846218"}}