{
  "id": "DomainTools Iris Detect Changed Domains",
  "version": 2,
  "cacheVersn": 0,
  "modified": "2023-01-09T16:37:01.903475178+05:30",
  "packID": "",
  "packName": "",
  "itemVersion": "",
  "fromServerVersion": "",
  "toServerVersion": "",
  "definitionId": "",
  "vcShouldIgnore": false,
  "vcShouldKeepItemLegacyProdMachine": false,
  "commitMessage": "",
  "shouldCommit": false,
  "locked": false,
  "name": "DomainTools Iris Detect Changed Domains",
  "prevName": "DomainTools Iris Detect Changed Domains",
  "color": "#F8E7A5",
  "playbookId": "playbook0",
  "hours": 0,
  "days": 0,
  "weeks": 0,
  "hoursR": 0,
  "daysR": 0,
  "weeksR": 0,
  "system": false,
  "readonly": false,
  "default": false,
  "autorun": true,
  "preProcessingScript": "",
  "closureScript": "",
  "disabled": false,
  "reputationCalc": 0,
  "onChangeRepAlg": 0,
  "layout": "",
  "detached": false,
  "extractSettings": {
    "mode": "All",
    "fieldCliNameToExtractSettings": {
      "detectionurl": {
        "extractAsIsIndicatorTypeId": "",
        "isExtractingAllIndicatorTypes": false,
        "extractIndicatorTypesIDs": []
      }
    }
  }
}
