[
	{
		"id": "DomainTools Iris Detect Changed Domains",
		"version": 3,
		"cacheVersn": 0,
		"modified": "2023-01-10T08:45:30.419682275+05:30",
		"packID": "",
		"packName": "",
		"itemVersion": "",
		"fromServerVersion": "",
		"toServerVersion": "",
		"definitionId": "",
		"vcShouldIgnore": false,
		"vcShouldKeepItemLegacyProdMachine": false,
		"commitMessage": "",
		"shouldCommit": false,
		"locked": false,
		"name": "DomainTools Iris Detect Changed Domains",
		"prevName": "DomainTools Iris Detect Changed Domains",
		"color": "#F8E7A5",
		"playbookId": "playbook0",
		"hours": 0,
		"days": 0,
		"weeks": 0,
		"hoursR": 0,
		"daysR": 0,
		"weeksR": 0,
		"system": false,
		"readonly": false,
		"default": false,
		"autorun": true,
		"preProcessingScript": "",
		"closureScript": "",
		"disabled": false,
		"reputationCalc": 0,
		"onChangeRepAlg": 0,
		"layout": "ff8deffe-6ff7-4b60-8c2f-be1e0de65904",
		"detached": false,
		"extractSettings": {
			"mode": "Specific",
			"fieldCliNameToExtractSettings": {
				"detectionurl": {
					"extractAsIsIndicatorTypeId": "",
					"isExtractingAllIndicatorTypes": false,
					"extractIndicatorTypesIDs": []
				},
				"domaintoolsirisdetectdomains": {
					"extractAsIsIndicatorTypeId": "",
					"isExtractingAllIndicatorTypes": false,
					"extractIndicatorTypesIDs": [
						"domainRepUnified"
					]
				}
			}
		}
	}
]